<?xml version="1.0" encoding="UTF-8"?>
<project version="4">
  <component name="ChangeListManager">
    <list default="true" id="24c82b1c-4cb2-4c6b-88ac-fd137c043f94" name="Changes" comment="" />
    <option name="SHOW_DIALOG" value="false" />
    <option name="HIGHLIGHT_CONFLICTS" value="true" />
    <option name="HIGHLIGHT_NON_ACTIVE_CHANGELIST" value="false" />
    <option name="LAST_RESOLUTION" value="IGNORE" />
  </component>
  <component name="Git.Settings">
    <option name="RECENT_GIT_ROOT_PATH" value="E:/" />
  </component>
  <component name="McpProjectServerCommands">
    <commands />
    <urls />
  </component>
  <component name="ProjectColorInfo"><![CDATA[{
  "customColor": "",
  "associatedIndex": 7
}]]></component>
  <component name="ProjectId" id="394P1cYYlDDk6noxey8WDlGX18O" />
  <component name="ProjectViewState">
    <option name="hideEmptyMiddlePackages" value="true" />
    <option name="showLibraryContents" value="true" />
  </component>
  <component name="PropertiesComponent"><![CDATA[{
  "keyToString": {
    "ModuleVcsDetector.initialDetectionPerformed": "true",
    "RunOnceActivity.MCP Project settings loaded": "true",
    "RunOnceActivity.ShowReadmeOnStart": "true",
    "git-widget-placeholder": "master",
    "kotlin-language-version-configured": "true",
    "project.structure.last.edited": "SDKs",
    "project.structure.proportion": "0.0",
    "project.structure.side.proportion": "0.2"
  }
}]]></component>
  <component name="SharedIndexes">
    <attachedChunks>
      <set>
        <option value="bundled-jdk-30f59d01ecdd-26cb7f24e5b0-intellij.indexing.shared.core-IU-253.29346.138" />
      </set>
    </attachedChunks>
  </component>
  <component name="TaskManager">
    <task active="true" id="Default" summary="Default task">
      <changelist id="24c82b1c-4cb2-4c6b-88ac-fd137c043f94" name="Changes" comment="" />
      <created>1769952156140</created>
      <option name="number" value="Default" />
      <option name="presentableId" value="Default" />
      <updated>1769952156140</updated>
    </task>
    <servers />
  </component>
</project>